		ENRC1	ENRC2	ENRC3	ENRI1	ENRI2	ENRI3
Gene: Bet1l	Type_Where: goblet_crypt&villi	-0.408248	-0.408248	-0.408248	2.04124	-0.408248	-0.408248
Gene: Arfgef3	Type_Where: goblet_crypt&villi	-0.408248	2.04124	-0.408248	-0.408248	-0.408248	-0.408248
Gene: Gal3st2	Type_Where: goblet_crypt&villi	-0.912814	-0.912814	-0.912814	0.894529	0.91425	0.929664
Gene: Tdrd7	Type_Where: goblet_crypt&villi	-0.645497	-0.645497	-0.645497	1.28991	-0.645497	1.29208
Gene: Capn9	Type_Where: goblet_crypt&villi	0.01	0.01	0.01	0.01	0.01	0.01
Gene: Cd97	Type_Where: goblet_crypt&villi	-0.408248	-0.408248	2.04124	-0.408248	-0.408248	-0.408248
Gene: Pck1	Type_Where: goblet_crypt&villi	-0.912818	-0.912818	-0.912818	0.895419	0.929421	0.913614
Gene: Scin	Type_Where: goblet_crypt&villi	-0.894573	-0.842808	-0.996286	0.886763	0.973211	0.873693
Gene: Zg16	Type_Where: goblet_crypt&villi	-0.937848	-0.885479	-0.914693	0.893039	0.932705	0.912275
Gene: Bcas1	Type_Where: goblet_crypt&villi	-1.07493	-0.860832	-0.789881	0.878739	0.892916	0.953989
Gene: Clca1	Type_Where: goblet_crypt&villi	-0.960301	-0.842021	-0.933917	0.88734	0.920338	0.928561
Gene: Muc2	Type_Where: goblet_crypt&villi	-0.902322	-0.893523	-0.94186	0.943494	0.880492	0.913719
Gene: B3gnt7	Type_Where: goblet_crypt&villi	0.187099	-2.00211	0.138584	0.539946	0.571436	0.565043
Gene: Klk1	Type_Where: goblet_crypt&villi	-0.98888	-0.981219	-0.759041	0.924607	0.894635	0.909897
Gene: Rep15	Type_Where: goblet_crypt&villi	0.512252	-1.28799	-1.28799	0.685847	0.681592	0.696286
Gene: Ugp2	Type_Where: goblet_crypt&villi	-0.969848	-0.834861	-0.926169	0.95869	0.973286	0.798901
Gene: Tmprss2	Type_Where: goblet_crypt&villi	-0.880977	-0.995889	-0.795782	1.24404	0.838245	0.590367
Gene: Vimp	Type_Where: goblet_crypt&villi	-0.854022	-1.02538	-0.834023	1.11207	0.849657	0.751698
Gene: Qsox1	Type_Where: goblet_crypt&villi	-0.899238	-0.872733	-0.965289	0.900397	0.927883	0.90898
Gene: Cgref1	Type_Where: goblet_crypt&villi	-1.09227	-0.925113	-0.698504	0.935003	0.930412	0.850473
Gene: Sytl2	Type_Where: goblet_crypt&villi	-1.18238	-0.224067	-1.10046	0.435024	1.08681	0.98507
Gene: Agr2	Type_Where: goblet_crypt&villi	-0.955307	-0.773793	-0.997569	0.809595	0.973673	0.943401
Gene: Chst4	Type_Where: goblet_crypt&villi	-0.727009	-0.890319	-1.08854	0.732091	1.05764	0.916134
Gene: Galnt6	Type_Where: goblet_crypt&villi	-1.34935	-0.808852	-0.110974	0.383762	0.400481	1.48494
Gene: Fam3c	Type_Where: goblet_crypt&villi	-0.971476	-0.8303	-0.92781	1.03072	0.832923	0.865942
Gene: Cmpk1	Type_Where: goblet_crypt&villi	-1.04111	-0.924222	-0.758959	0.837997	0.991045	0.89525
Gene: Mgat3	Type_Where: goblet_crypt&villi	-0.738145	-1.11541	-0.748863	1.01057	0.370509	1.22134
Gene: Golph3l	Type_Where: goblet_crypt&villi	-1.2282	-0.892503	-0.542864	0.981541	0.735619	0.94641
Gene: Pmm2	Type_Where: goblet_crypt&villi	-1.05928	-0.820866	-0.844687	0.815175	0.991687	0.917967
Gene: Scamp1	Type_Where: goblet_crypt&villi	0.057606	-0.977812	-1.45069	0.97657	0.768968	0.625356
Gene: Gmppb	Type_Where: goblet_crypt&villi	-1.01152	-0.909639	-0.80736	0.806891	0.951604	0.97002
Gene: Gfpt1	Type_Where: goblet_crypt&villi	-1.02942	-0.752233	-0.944546	0.893301	0.963934	0.868968
Gene: Gmds	Type_Where: goblet_crypt&villi	-0.983849	-0.741262	-1.0005	0.890881	0.868394	0.966334
Gene: C2cd2l	Type_Where: goblet_crypt&villi	0.434529	-2.03693	0.279504	0.447913	0.421029	0.453958
Gene: Gmppa	Type_Where: goblet_crypt&villi	-1.09708	-0.74484	-0.868318	0.761667	0.906974	1.04159
Gene: Prrc1	Type_Where: goblet_crypt&villi	-0.811004	-1.21211	-0.665166	0.80759	1.01076	0.869934
Gene: Samhd1	Type_Where: goblet_crypt&villi	-1.04816	-0.417002	-1.17742	0.890024	0.794683	0.957867
Gene: Cant1	Type_Where: goblet_crypt&villi	-0.833432	-0.712154	-1.14995	0.960401	1.02272	0.712411
Gene: Gale	Type_Where: goblet_crypt&villi	-0.798307	-0.809694	-1.10777	0.975449	0.954058	0.786267
Gene: Naga	Type_Where: goblet_crypt&villi	-1.09576	-0.997557	-0.59179	1.05245	0.733994	0.898661
Gene: Arl1	Type_Where: goblet_crypt&villi	-1.0339	-0.452078	-1.02267	0.995559	1.27854	0.234551
Gene: Stard3nl	Type_Where: goblet_crypt&villi	-1.09291	-0.614609	-0.884783	0.44521	0.807323	1.33977
Gene: Pdxdc1	Type_Where: goblet_crypt&villi	-0.892109	-0.87832	-0.96674	0.934071	0.905894	0.897204
Gene: Slc12a9	Type_Where: goblet_crypt&villi	-0.739795	0.341287	-1.6841	0.75981	0.506795	0.816007
Gene: Fut8	Type_Where: goblet_crypt&villi	-0.898408	-0.93589	-0.886113	0.770777	1.11109	0.838541
Gene: Hdlbp	Type_Where: goblet_crypt&villi	-0.829813	-0.904669	-0.994936	1.01486	0.897852	0.816709
Gene: Copg1	Type_Where: goblet_crypt&villi	-1.02773	-0.781836	-0.883068	0.683209	1.1878	0.821621
Gene: Tsta3	Type_Where: goblet_crypt&villi	-1.07575	-0.891151	-0.73466	0.767343	0.809819	1.1244
Gene: Galk2	Type_Where: goblet_crypt&villi	-1.13322	-0.791276	-0.764342	1.03912	1.00503	0.64468
Gene: Tom1l1	Type_Where: goblet_crypt&villi	-1.28311	-0.448199	-0.844199	0.734318	1.24141	0.59978
Gene: Nucb1	Type_Where: goblet_crypt&villi	-0.773751	-0.990088	-0.95585	0.744026	1.02094	0.954723
Gene: Copb2	Type_Where: goblet_crypt&villi	-0.844389	-0.867229	-1.01133	1.0719	0.815952	0.835095
Gene: Gcnt3	Type_Where: goblet_crypt&villi	-0.920577	-0.43964	-1.26124	0.64671	1.00279	0.971961
Gene: Pgm3	Type_Where: goblet_crypt&villi	-1.33388	-0.669036	-0.60812	0.709739	1.16529	0.736009
Gene: Vps37c	Type_Where: goblet_crypt&villi	0.18936	-0.766236	-1.11152	-0.123365	1.76759	0.0441718
Gene: Gne	Type_Where: goblet_crypt&villi	-1.16129	-0.650037	-0.872562	1.02203	0.975925	0.685939
Gene: C1galt1c1	Type_Where: goblet_crypt&villi	-0.779267	-1.0883	-0.578357	1.33339	1.04466	0.0678681
Gene: Stx5	Type_Where: goblet_crypt&villi	-1.12029	-0.713504	-0.877357	0.892032	0.998416	0.820702
Gene: Rrbp1	Type_Where: goblet_crypt&villi	-0.668333	-1.01428	-0.950179	1.11609	0.422299	1.09441
Gene: Uap1	Type_Where: goblet_crypt&villi	-0.240645	-0.872549	-1.37032	0.643532	1.2331	0.606885
Gene: Cdk5rap3	Type_Where: goblet_crypt&villi	-1.31796	-0.36758	-0.811479	0.829616	1.27585	0.391551
Gene: Copb1	Type_Where: goblet_crypt&villi	-1.09382	-0.75159	-0.848081	0.70699	0.840789	1.14571
Gene: Galnt4	Type_Where: goblet_crypt&villi	-1.25898	0.0698104	-1.10163	0.43551	1.30566	0.549627
Gene: Yipf3	Type_Where: goblet_crypt&villi	-0.452595	-0.229931	-1.67963	0.820799	0.598134	0.943221
Gene: Capn7	Type_Where: goblet_crypt&villi	-0.525325	-1.11957	-0.943016	0.649622	0.59442	1.34387
Gene: Guk1	Type_Where: goblet_crypt&villi	-1.40008	-0.336593	-0.671976	0.67905	0.35585	1.37375
Gene: C1galt1	Type_Where: goblet_crypt&villi	-0.665454	0.202841	-1.68521	0.998332	0.671594	0.477897
Gene: Pygb	Type_Where: goblet_crypt&villi	-1.28672	-0.588304	-0.756808	0.643918	1.12616	0.861754
Gene: Sec22b	Type_Where: goblet_crypt&villi	-0.721274	-0.0989041	-1.54839	0.521945	0.705356	1.14127
Gene: Galnt7	Type_Where: goblet_crypt&villi	-0.999898	-0.144567	-1.33346	0.690263	0.641999	1.14567
Gene: Arf4	Type_Where: goblet_crypt&villi	-0.642013	-1.00559	-0.912179	0.254006	1.25707	1.0487
Gene: Lman1	Type_Where: goblet_crypt&villi	-0.98512	-0.607731	-0.872788	0.966853	0.101141	1.39764
Gene: Ufl1	Type_Where: goblet_crypt&villi	-1.13649	-0.199425	-1.10611	0.656396	0.434515	1.35111
Gene: Sh3bgrl3	Type_Where: goblet_crypt&villi	-1.4506	-0.592985	0.500183	0.413279	-0.296489	1.42662
Gene: Bet1	Type_Where: goblet_crypt&villi	-0.765143	0.723902	-1.64638	0.916769	0.239824	0.531024
Gene: Dnajc3	Type_Where: goblet_crypt&villi	-0.987887	-0.117947	-1.26527	0.524199	1.38657	0.460329
Gene: Cog6	Type_Where: goblet_crypt&villi	-1.73774	-0.435457	-0.0888731	0.943431	0.76716	0.551482
Gene: Cog3	Type_Where: goblet_crypt&villi	-1.38676	-0.802814	-0.0341371	0.19261	1.42265	0.60845
Gene: Trabd	Type_Where: goblet_crypt&villi	-0.785257	-0.313734	-1.10434	0.0995085	1.70092	0.402901
Gene: Ddost	Type_Where: goblet_crypt&villi	-0.344514	-0.203149	-1.57129	0.103848	1.41375	0.601358
Gene: Clptm1l	Type_Where: goblet_crypt&villi	-0.917708	0.433097	-1.3817	0.21964	0.250136	1.39654
Gene: Hyou1	Type_Where: goblet_crypt&villi	-0.413812	-0.521621	-0.430824	1.38026	-1.11737	1.10337
Gene: Capns1	Type_Where: goblet_crypt&villi	-1.29218	-0.908329	0.479741	-0.0908857	1.46518	0.346468
Gene: Rpn2	Type_Where: goblet_crypt&villi	-0.397798	-0.635499	-1.04906	-0.174238	1.7451	0.511494
Gene: Dnajb11	Type_Where: goblet_crypt&villi	-0.947727	-0.0893284	-1.05756	0.0449115	0.364275	1.68543
Gene: Sar1a	Type_Where: goblet_crypt&villi	-0.35392	1.45937	-1.60218	0.398037	0.135069	-0.0363849
Gene: Tars	Type_Where: goblet_crypt&villi	-0.793839	0.396172	-1.62416	0.840213	0.298493	0.883124
Gene: Kif13a	Type_Where: goblet_crypt&villi	-1.24694	-0.694352	0.786444	-0.458687	1.4519	0.161631
Gene: Golt1b	Type_Where: goblet_crypt&villi	-0.0708067	0.95551	0.0790693	-1.89806	0.602512	0.331777
Gene: Hsp90b1	Type_Where: goblet_crypt&villi	-0.294673	-0.178165	-1.56515	-0.15138	1.17261	1.01676
Gene: Hspa5	Type_Where: goblet_crypt&villi	0.00353	-0.210258	-1.80996	0.648099	0.282237	1.08635
Gene: Tpd52	Type_Where: goblet_crypt&villi	0.855653	-1.8823	-0.31712	0.484563	0.530378	0.328828
Gene: Hspa13	Type_Where: goblet_crypt&villi	1.72748	-0.373284	-0.24452	0.0719475	-1.33693	0.155304
Gene: Mia3	Type_Where: goblet_crypt&villi	1.07807	-0.0789253	-1.02241	0.418469	-1.32299	0.927784
Gene: Slc35c1	Type_Where: goblet_crypt&villi	-0.0510388	1.6845	-1.20777	0.188758	0.181009	-0.795454
Gene: Rab27b	Type_Where: goblet_crypt&villi	-0.364125	1.84191	-1.04108	-0.589354	-0.0500641	0.202707
Gene: Arfgap1	Type_Where: goblet_crypt&villi	-0.472058	1.31312	-0.400152	1.07221	-0.209587	-1.30353
Gene: Tinagl1	Type_Where: goblet_crypt&villi	0.307293	0.581039	-2.02001	0.47185	0.176267	0.483557
Gene: Rab3d	Type_Where: goblet_crypt&villi	-0.230386	0.424508	-1.59644	-0.0734348	1.48747	-0.0117235
Gene: Golga5	Type_Where: goblet_crypt&villi	-0.613822	-0.492551	-0.122678	2.00679	-0.254866	-0.522874
Gene: Cpd	Type_Where: goblet_crypt&villi	0.78832	-1.20932	-0.269889	-0.175335	-0.670824	1.53705
Gene: Tm9sf2	Type_Where: goblet_crypt&villi	-0.377434	1.92409	-1.02311	-0.228212	-0.228212	-0.067127
Gene: Syvn1	Type_Where: goblet_crypt&villi	-1.97776	0.216123	0.705254	0.681981	0.119491	0.254914
Gene: Ufsp2	Type_Where: goblet_crypt&villi	0.549414	-0.485025	-0.560139	-0.427063	-0.869189	1.792
Gene: Stt3a	Type_Where: goblet_crypt&villi	-0.233672	0.815306	-1.41856	1.43616	-0.414242	-0.184988
Gene: Sdf2l1	Type_Where: goblet_crypt&villi	0.273647	0.260778	-0.838054	-1.4132	1.44318	0.273647
Gene: Slc39a11	Type_Where: goblet_crypt&villi	-0.298442	-0.739987	1.91461	0.184132	-0.304777	-0.755534
Gene: Rpn1	Type_Where: goblet_crypt&villi	0.150867	1.39508	-0.200876	0.580886	-1.59487	-0.331087
Gene: Golm1	Type_Where: goblet_crypt&villi	0.340421	1.14474	-0.301451	-0.301451	-1.66644	0.784181
Gene: Txndc5	Type_Where: goblet_crypt&villi	1.42794	0.178368	0.160818	-1.69306	-0.167647	0.0935746
Gene: Uggt1	Type_Where: goblet_crypt&villi	1.3195	0.470636	-0.155086	0.146814	-1.72888	-0.0529873
Gene: Sec23ip	Type_Where: goblet_crypt&villi	0.245664	-0.661091	1.61437	-1.23095	0.452277	-0.420264
Gene: Aacs	Type_Where: goblet_crypt&villi	0.0347362	1.77168	0.0903274	-1.08212	-0.825039	0.0104192
Gene: Tram1	Type_Where: goblet_crypt&villi	-0.0700461	1.90432	-0.91817	-0.546646	0.096828	-0.466287
Gene: Ehd4	Type_Where: goblet_crypt&villi	-0.148281	0.149	1.6376	-0.606056	0.31272	-1.34498
Gene: Ssr1	Type_Where: goblet_crypt&villi	1.42759	-0.391498	0.0973801	0.801413	-1.34498	-0.589904
Gene: Spcs3	Type_Where: goblet_crypt&villi	0.753271	-0.0104511	0.434727	-0.733303	-1.56508	1.12084
Gene: Slc39a7	Type_Where: goblet_crypt&villi	-0.818326	1.59925	0.652399	-0.131698	-1.14207	-0.159551
Gene: Sec61b	Type_Where: goblet_crypt&villi	0.271763	1.67228	0.273704	-0.782309	-0.263599	-1.17184
Gene: Arfip2	Type_Where: goblet_crypt&villi	0.805127	0.9883	-1.10989	-1.29227	-0.0750633	0.683797
Gene: Gcc2	Type_Where: goblet_crypt&villi	-0.386043	1.31006	-0.0957461	-1.11694	-0.813868	1.10254
Gene: Appl2	Type_Where: goblet_crypt&villi	0.488471	1.21912	0.479135	-1.55274	-0.782604	0.148619
Gene: Spcs2	Type_Where: goblet_crypt&villi	0.375956	1.85977	-0.513285	-0.38738	-0.885718	-0.449339
Gene: Tmed2	Type_Where: goblet_crypt&villi	0.413631	1.56946	0.0332581	-0.110716	-1.4708	-0.434838
Gene: Sec23b	Type_Where: goblet_crypt&villi	0.25183	1.31905	0.921229	-0.48007	-0.789902	-1.22214
Gene: Calr	Type_Where: goblet_crypt&villi	1.13091	1.2452	-0.817243	-0.963259	-0.743556	0.147946
Gene: Pdia3	Type_Where: goblet_crypt&villi	1.21545	0.728189	0.705102	-1.20548	-0.704526	-0.738733
Gene: Pdia6	Type_Where: goblet_crypt&villi	1.67557	0.113043	0.550284	-0.883586	-0.591274	-0.864034
Gene: Ier3ip1	Type_Where: goblet_crypt&villi	-0.543871	1.66681	0.0564839	0.588096	-0.96994	-0.797575
Gene: Pdia4	Type_Where: goblet_crypt&villi	0.958657	1.2824	0.234781	-0.812842	-1.24247	-0.420526
Gene: Tmem214	Type_Where: goblet_crypt&villi	0.357137	1.02444	0.209438	-1.21889	0.868492	-1.24062
Gene: Yipf5	Type_Where: goblet_crypt&villi	0.0223011	1.90236	-0.0505603	-0.694722	-0.905812	-0.273567
Gene: Tmed3	Type_Where: goblet_crypt&villi	0.558182	1.73931	-0.205774	-0.425131	-0.672999	-0.99359
Gene: Camsap3	Type_Where: goblet_crypt&villi	0.0393901	0.338314	1.6317	-1.18556	-0.900092	0.0762437
Gene: Wars	Type_Where: goblet_crypt&villi	0.905266	0.481798	1.2537	-0.790859	-1.06649	-0.783419
Gene: Tm9sf3	Type_Where: goblet_crypt&villi	0.924128	1.35869	0.0431423	-0.337253	-1.31597	-0.672731
Gene: Gnpnat1	Type_Where: goblet_crypt&villi	0.672206	0.908187	0.64732	-1.78381	-0.112878	-0.331021
Gene: Ank3	Type_Where: goblet_crypt&villi	0.142706	1.34492	0.854166	-0.224068	-0.786221	-1.3315
Gene: Srpr	Type_Where: goblet_crypt&villi	0.691734	1.1844	0.491231	-1.06788	-1.31784	0.0183576
Gene: Ssr4	Type_Where: goblet_crypt&villi	1.33406	1.16289	-0.769767	-0.142874	-0.795761	-0.788542
Gene: St3gal6	Type_Where: goblet_crypt&villi	0.616294	1.56466	0.0787005	-0.621271	-1.28701	-0.351374
Gene: Hm13	Type_Where: goblet_crypt&villi	0.356573	1.25198	0.864196	-0.854357	-0.299771	-1.31862
Gene: Slc12a8	Type_Where: goblet_crypt&villi	0.745942	1.26414	0.583142	-0.634928	-1.28317	-0.675126
Gene: Gorasp2	Type_Where: goblet_crypt&villi	0.966354	1.06854	0.676505	-0.912158	-0.989272	-0.809964
Gene: Slc35a1	Type_Where: goblet_crypt&villi	0.888199	1.45784	-0.244195	-0.675533	-0.187494	-1.23882
Gene: Slc30a7	Type_Where: goblet_crypt&villi	0.662045	1.63347	-0.268674	-0.731922	-0.174612	-1.12031
Gene: Msmo1	Type_Where: goblet_crypt&villi	0.957698	1.47814	-1.00615	-0.656985	-0.10758	-0.665118
Gene: Creld2	Type_Where: goblet_crypt&villi	0.341005	1.17423	0.991383	-0.43145	-1.33985	-0.735321
Gene: Asph	Type_Where: goblet_crypt&villi	0.817079	1.20825	0.532447	-0.447656	-1.33993	-0.770197
Gene: Syngr2	Type_Where: goblet_crypt&villi	1.31084	0.578435	-1.04443	0.728117	-0.575533	-0.997437
Gene: Sppl2a	Type_Where: goblet_crypt&villi	-0.13193	1.42304	0.475839	0.470022	-1.05453	-1.18244
Gene: Pdia5	Type_Where: goblet_crypt&villi	0.986349	1.0249	0.604101	-1.34104	-0.663859	-0.610449
Gene: Cltb	Type_Where: goblet_crypt&villi	0.389303	1.07896	1.11944	-1.22512	-0.712021	-0.650566
Gene: Cd9	Type_Where: goblet_crypt&villi	0.361493	1.00305	0.493439	0.368032	-1.82248	-0.403539
Gene: Srp9	Type_Where: goblet_crypt&villi	0.813367	1.01169	0.705578	-0.58792	-0.430814	-1.5119
Gene: S100a6	Type_Where: goblet_crypt&villi	0.733444	0.9713	0.957354	-0.733689	-1.28391	-0.644495
Gene: Edem3	Type_Where: goblet_crypt&villi	0.432454	0.76537	1.30105	-0.414298	-1.35059	-0.733987
Gene: Lss	Type_Where: goblet_crypt&villi	1.06372	0.991943	0.626513	-0.744214	-1.14263	-0.795334
Gene: Sil1	Type_Where: goblet_crypt&villi	0.865831	1.06915	0.760195	-1.16673	-0.76737	-0.761079
Gene: Srprb	Type_Where: goblet_crypt&villi	0.875758	1.21019	0.598409	-0.956232	-0.826626	-0.9015
Gene: Ppib	Type_Where: goblet_crypt&villi	0.884847	1.1331	0.65261	-1.18451	-0.744656	-0.741391
Gene: Sec61g	Type_Where: goblet_crypt&villi	1.24464	0.795991	0.553252	-1.28757	-0.64537	-0.660943
Gene: Manf	Type_Where: goblet_crypt&villi	0.795781	0.645051	1.23804	-1.01007	-0.783327	-0.885468
Gene: Galnt12	Type_Where: goblet_crypt&villi	1.05502	0.930665	0.678679	-0.532955	-1.11416	-1.01725
Gene: Bcat2	Type_Where: goblet_crypt&villi	1.02041	0.749173	0.939197	-0.738113	-0.865241	-1.10542
Gene: Mydgf	Type_Where: goblet_crypt&villi	0.612474	1.16653	0.894619	-0.65968	-1.02371	-0.990238
Gene: Naa20	Type_Where: goblet_crypt&villi	0.792885	0.817797	1.0506	-0.534426	-1.22373	-0.903125
Gene: Fam98a	Type_Where: goblet_crypt&villi	0.972329	0.970282	0.78483	-1.01434	-0.835036	-0.878068
Gene: Tnfaip8	Type_Where: goblet_crypt&villi	0.981494	0.806943	0.835015	-0.856146	-1.32727	-0.440035
Gene: Srm	Type_Where: goblet_crypt&villi	1.06921	0.794532	0.856684	-0.977569	-0.964162	-0.778691
Gene: Tmed9	Type_Where: goblet_crypt&villi	0.979983	0.408557	1.23294	-0.700442	-1.05204	-0.869003
Gene: Fkbp11	Type_Where: goblet_crypt&villi	0.952453	0.680474	1.00459	-1.11176	-1.09499	-0.430766
Gene: Asns	Type_Where: goblet_crypt&villi	0.661753	1.03784	1.01142	-0.877656	-0.991247	-0.84211
Gene: Sec62	Type_Where: goblet_crypt&villi	0.441487	1.28513	0.910735	-0.819391	-0.91929	-0.898667
Gene: Dnajc10	Type_Where: goblet_crypt&villi	0.597692	1.23433	0.73943	-0.441706	-1.29876	-0.830992
Gene: Stk38l	Type_Where: goblet_crypt&villi	0.501323	0.270441	1.61195	-0.474245	-0.833861	-1.07561
Gene: Ergic1	Type_Where: goblet_crypt&villi	0.851574	1.11325	0.745358	-0.970452	-0.981273	-0.758459
Gene: Tst	Type_Where: goblet_crypt&villi	0.672835	0.930421	1.04798	-0.537584	-1.2309	-0.882745
Gene: Cyp51a1	Type_Where: goblet_crypt&villi	0.919481	1.1304	0.645811	-0.929196	-1.01745	-0.749047
Gene: Anxa3	Type_Where: goblet_crypt&villi	0.890379	1.04092	0.79163	-1.03355	-0.874851	-0.814523
Gene: Yif1b	Type_Where: goblet_crypt&villi	0.851764	1.13749	0.707869	-0.751761	-1.07794	-0.867429
Gene: Galnt3	Type_Where: goblet_crypt&villi	1.02564	0.932649	0.713456	-0.61455	-1.22292	-0.834273
Gene: Impad1	Type_Where: goblet_crypt&villi	1.27026	-0.0521567	0.794599	0.295456	-1.1291	-1.17905
Gene: Ca8	Type_Where: goblet_crypt&villi	0.840976	0.874704	0.899425	-0.791023	-0.448721	-1.37536
Gene: Hid1	Type_Where: goblet_crypt&villi	0.953822	1.03134	0.699019	-1.19305	-0.70793	-0.783206
Gene: Itga2	Type_Where: goblet_crypt&villi	0.895816	0.92175	0.914217	-0.83854	-1.03818	-0.855057
Gene: Nfkb2	Type_Where: goblet_crypt&villi	0.679098	0.551152	1.35412	-1.00154	-0.521555	-1.06128
Gene: S100a14	Type_Where: goblet_crypt&villi	0.80793	1.05676	0.862005	-0.834098	-0.965892	-0.926707
Gene: Pcsk9	Type_Where: goblet_crypt&villi	1.11115	0.48144	1.06326	-0.870805	-1.05306	-0.731981
Gene: Scd2;Scd3	Type_Where: goblet_crypt&villi	1.14009	1.07381	0.393321	-1.12441	-0.62146	-0.861343
Gene: Tmsb10	Type_Where: goblet_crypt&villi	0.668866	0.431184	1.45601	-0.686139	-1.05254	-0.817378
Gene: Sh3bgrl2	Type_Where: goblet_crypt&villi	0.977723	0.966696	0.755381	-0.691627	-1.1528	-0.855375
Gene: Morf4l2	Type_Where: goblet_crypt&villi	1.06323	1.07615	0.520889	-0.891979	-1.08549	-0.682793
Gene: Slc1a5	Type_Where: goblet_crypt&villi	0.924683	0.678557	1.09166	-0.996228	-1.01904	-0.679628
Gene: Utp11l	Type_Where: goblet_crypt&villi	0.923275	0.971113	0.816404	-1.14235	-0.745402	-0.823035
Gene: Csrp1	Type_Where: goblet_crypt&villi	0.90842	0.880114	0.947069	-0.878045	-0.869581	-0.987977
Gene: Rfc1	Type_Where: goblet_crypt&villi	0.844808	1.02757	0.85955	-0.942716	-0.927806	-0.861411
Gene: Far1	Type_Where: goblet_crypt&villi	0.90182	0.799304	0.998489	-0.622342	-0.983793	-1.09348
Gene: Ghrl	Type_Where: enteroendocrine_crypt&villi	-0.905952	-1.22943	-0.529414	1.00463	0.837821	0.82235
Gene: Cck	Type_Where: enteroendocrine_crypt&villi	-0.609383	-0.650996	-1.3658	0.721476	1.0022	0.902501
Gene: Chgb	Type_Where: enteroendocrine_crypt&villi	-1.01842	-1.01082	-0.687684	0.901652	0.969233	0.846035
Gene: Vim	Type_Where: enteroendocrine_crypt&villi	-0.0469725	-0.688091	-1.07204	-0.506949	1.6264	0.687652
Gene: Tubb3	Type_Where: enteroendocrine_crypt&villi	-0.0499684	-0.678728	-1.0256	1.56175	-0.62045	0.813
Gene: Scg2	Type_Where: enteroendocrine_crypt&villi	-0.756438	-0.408244	-1.26953	1.11893	1.17361	0.141669
Gene: Fam160a2	Type_Where: enteroendocrine_crypt&villi	-0.610587	-0.872328	-1.16523	0.783151	0.653172	1.21182
Gene: Acadsb	Type_Where: enteroendocrine_crypt&villi	-0.678213	-0.332746	-1.43406	0.965153	0.323839	1.15603
Gene: Pafah1b1	Type_Where: enteroendocrine_crypt&villi	-1.26663	-0.504676	-0.320647	-0.314556	1.35078	1.05574
Gene: Mycbp2	Type_Where: enteroendocrine_crypt&villi	1.31158	-0.584882	1.04314	-1.30257	-0.0858817	-0.381392
Gene: Golim4	Type_Where: enteroendocrine_crypt&villi	1.28616	1.15092	-0.284079	-0.977753	-0.970943	-0.204306
Gene: Rpl24	Type_Where: enteroendocrine_crypt&villi	0.85234	1.02428	0.848453	-0.793216	-1.03403	-0.897826
Gene: Fabp5	Type_Where: enteroendocrine_crypt&villi	0.798179	0.875012	1.03951	-0.703547	-1.04546	-0.963692
Gene: Anxa6	Type_Where: enteroendocrine_crypt&villi	0.889014	0.933231	0.915972	-0.915291	-0.896605	-0.926321
Gene: Marcks	Type_Where: enteroendocrine_crypt&villi	0.876642	0.939478	0.91876	-0.943661	-0.966423	-0.824797
Gene: Trp53i11	Type_Where: enteroendocrine_crypt&villi	0.822983	0.963123	0.938366	-1.07164	-0.836994	-0.815839
Gene: Ace	Type_Where: Enterocyte_villi	-0.912866	-0.912866	-0.912866	0.907425	0.918099	0.913074
Gene: H2-T3	Type_Where: Enterocyte_villi	-0.912675	-0.912675	-0.912675	0.949834	0.900122	0.88807
Gene: Dpep1	Type_Where: Enterocyte_villi	-0.912864	-0.912864	-0.912864	0.906425	0.913265	0.918901
Gene: Gstp2	Type_Where: Enterocyte_villi	-0.408248	-0.408248	-0.408248	-0.408248	2.04124	-0.408248
Gene: Cd36	Type_Where: Enterocyte_villi	-0.912867	-0.912867	-0.912867	0.917932	0.911008	0.909662
Gene: Ggt1	Type_Where: Enterocyte_villi	-0.912864	-0.912864	-0.912864	0.908124	0.910443	0.920024
Gene: Lrrc19	Type_Where: Enterocyte_villi	-0.912849	-0.912849	-0.912849	0.91009	0.903614	0.924844
Gene: Pik3r4	Type_Where: Enterocyte_villi	-0.408248	-0.408248	-0.408248	-0.408248	2.04124	-0.408248
Gene: Dusp12	Type_Where: Enterocyte_villi	1.23365	1.34669	-0.645085	-0.645085	-0.645085	-0.645085
Gene: Abcg8	Type_Where: Enterocyte_villi	-0.912821	-0.912821	-0.912821	0.896017	0.929057	0.913388
Gene: Slc15a1	Type_Where: Enterocyte_villi	-0.912868	-0.912868	-0.912868	0.910486	0.910837	0.917281
Gene: Treh	Type_Where: Enterocyte_villi	-0.912863	-0.912863	-0.912863	0.91939	0.913361	0.905836
Gene: Slc7a8	Type_Where: Enterocyte_villi	-0.912862	-0.912862	-0.912862	0.920109	0.905969	0.912507
Gene: Adh4	Type_Where: Enterocyte_villi	-0.912866	-0.912866	-0.912866	0.918882	0.909974	0.909742
Gene: Slc26a3	Type_Where: Enterocyte_villi	-0.912836	-0.912836	-0.912836	0.904689	0.904958	0.92886
Gene: Rdh7	Type_Where: Enterocyte_villi	-1.03392	-0.964539	-0.725251	0.92226	0.873412	0.928042
Gene: Cyp2d26	Type_Where: Enterocyte_villi	-0.834566	-0.953877	-0.947551	0.930612	0.899158	0.906224
Gene: Ace2	Type_Where: Enterocyte_villi	-1.07337	-0.868523	-0.784598	0.910878	0.904025	0.911587
Gene: Enpep	Type_Where: Enterocyte_villi	-0.867503	-0.806622	-1.05439	0.940181	0.862268	0.926071
Gene: Cyp3a25	Type_Where: Enterocyte_villi	-0.630975	-1.04301	-1.03369	0.932709	0.899652	0.875311
Gene: Slc3a1	Type_Where: Enterocyte_villi	-1.00992	-0.914015	-0.807224	0.851616	0.912858	0.966682
Gene: Apoa1	Type_Where: Enterocyte_villi	-0.756677	-1.05939	-0.907857	0.975281	0.853488	0.895158
Gene: Aoc1	Type_Where: Enterocyte_villi	-0.873577	-0.922447	-0.941592	0.904814	0.893082	0.939721
Gene: Ugt2b17	Type_Where: Enterocyte_villi	-0.966105	-0.883542	-0.887713	0.925258	0.906982	0.90512
Gene: Mme	Type_Where: Enterocyte_villi	-0.893231	-0.928276	-0.916902	0.906804	0.920796	0.910809
Gene: Dhrs11	Type_Where: Enterocyte_villi	-0.887899	-0.855783	-0.991861	0.890308	0.908663	0.936571
Gene: Khk	Type_Where: Enterocyte_villi	-0.916378	-0.938937	-0.879875	0.865837	0.873226	0.996128
Gene: Arg2	Type_Where: Enterocyte_villi	-0.86471	-0.91048	-0.961823	0.900574	0.939563	0.896876
Gene: Slc26a6	Type_Where: Enterocyte_villi	-0.904553	-0.712715	-1.10027	0.89988	0.881487	0.936172
Gene: Pbld2	Type_Where: Enterocyte_villi	-0.901997	-0.994451	-0.838775	0.904276	0.911722	0.919224
Gene: Mep1b	Type_Where: Enterocyte_villi	-0.90764	-0.956808	-0.87279	0.941709	0.888614	0.906915
Gene: Reg3b	Type_Where: Enterocyte_villi	0.293262	-1.27003	-1.27003	0.720892	0.808774	0.717123
Gene: Bche	Type_Where: Enterocyte_villi	-0.927243	-0.887845	-0.923194	0.922778	0.900156	0.915349
Gene: Slc2a2	Type_Where: Enterocyte_villi	-0.762892	-1.00354	-0.93027	1.06494	1.01598	0.615788
Gene: Npc1l1	Type_Where: Enterocyte_villi	-0.994135	-0.905974	-0.826288	0.849754	1.05053	0.826114
Gene: Fabp1	Type_Where: Enterocyte_villi	-0.966701	-0.919278	-0.850289	0.937759	0.880274	0.918234
Gene: Abcg5	Type_Where: Enterocyte_villi	-1.02292	-0.889496	-0.818934	0.884833	0.968118	0.878402
Gene: Slc5a1	Type_Where: Enterocyte_villi	-0.893238	-0.8657	-0.977783	0.912346	0.905777	0.918598
Gene: Shpk	Type_Where: Enterocyte_villi	-0.909167	-0.81897	-0.995217	0.755064	1.03435	0.933944
Gene: Ces1f	Type_Where: Enterocyte_villi	-0.80375	-0.972991	-0.957058	0.904849	0.918716	0.910234
Gene: Aldh1a1	Type_Where: Enterocyte_villi	-0.875256	-0.946905	-0.915326	0.880586	0.927127	0.929774
Gene: Rbp2	Type_Where: Enterocyte_villi	-0.824771	-1.01247	-0.896124	0.909116	0.887666	0.936579
Gene: Papss2	Type_Where: Enterocyte_villi	-0.911423	-0.92531	-0.901785	0.913308	0.918316	0.906894
Gene: Ephx2	Type_Where: Enterocyte_villi	-0.880053	-0.991958	-0.863638	0.885662	0.92891	0.921077
Gene: Cyp4v2	Type_Where: Enterocyte_villi	-0.947311	-1.05085	-0.72285	0.956422	0.836555	0.928031
Gene: Abat	Type_Where: Enterocyte_villi	-0.796398	-0.819399	-1.08058	1.14166	0.691538	0.863181
Gene: Fmo5	Type_Where: Enterocyte_villi	-0.89862	-0.87279	-0.965512	0.882958	0.914713	0.939251
Gene: Btnl1	Type_Where: Enterocyte_villi	-0.279416	-1.15668	-1.15694	0.812847	0.901015	0.879177
Gene: Dpyd	Type_Where: Enterocyte_villi	-1.12237	-0.873703	-0.719406	0.896682	0.935134	0.883665
Gene: Sult1d1	Type_Where: Enterocyte_villi	-0.882199	-0.910382	-0.945291	0.893268	0.91368	0.930923
Gene: Gda	Type_Where: Enterocyte_villi	-1.01675	-0.80574	-0.887074	1.04029	0.999964	0.66931
Gene: St3gal4	Type_Where: Enterocyte_villi	-1.01208	-0.947376	-0.770237	0.922551	0.882151	0.924993
Gene: Maob	Type_Where: Enterocyte_villi	-0.89029	-0.902312	-0.94545	0.903543	0.928255	0.906254
Gene: Tm6sf2	Type_Where: Enterocyte_villi	-0.892234	-0.840705	-1.00125	0.887179	0.893292	0.953716
Gene: Sult1b1	Type_Where: Enterocyte_villi	-0.883815	-0.89315	-0.960207	0.8844	0.943878	0.908893
Gene: S100g	Type_Where: Enterocyte_villi	-0.639758	-1.3189	-0.70109	0.908106	0.854426	0.897213
Gene: Xdh	Type_Where: Enterocyte_villi	-0.96694	-0.913363	-0.856464	0.915332	0.893098	0.928337
Gene: Aldob	Type_Where: Enterocyte_villi	-0.940276	-0.880123	-0.917698	0.916165	0.913804	0.908129
Gene: Cobl	Type_Where: Enterocyte_villi	-0.578287	-1.25618	-0.831923	1.01754	0.844031	0.804812
Gene: Apoa4	Type_Where: Enterocyte_villi	-0.909048	-0.899145	-0.929151	0.885191	0.965135	0.887018
Gene: Pfkfb4	Type_Where: Enterocyte_villi	-0.987934	-0.706242	-1.00398	0.756463	1.14392	0.797777
Gene: Cyp4f14	Type_Where: Enterocyte_villi	-1.17812	-0.750206	-0.719279	1.2412	0.737032	0.669373
Gene: Apob	Type_Where: Enterocyte_villi	-0.860293	-0.970233	-0.906275	0.928772	0.896676	0.911353
Gene: Abcc2	Type_Where: Enterocyte_villi	-0.846504	-0.841642	-1.04314	0.903106	0.924022	0.904161
Gene: Ugt1a1	Type_Where: Enterocyte_villi	-0.989621	-0.88287	-0.863559	0.907953	0.921379	0.906718
Gene: Fmo4	Type_Where: Enterocyte_villi	0.239634	-1.29337	-1.22616	0.657551	0.905849	0.716496
Gene: Ces2a	Type_Where: Enterocyte_villi	-0.877991	-0.88512	-0.973664	0.890098	0.911343	0.935334
Gene: Agpat9	Type_Where: Enterocyte_villi	-1.16107	-0.721748	-0.795719	0.965271	1.07847	0.634795
Gene: Aldh1a7	Type_Where: Enterocyte_villi	-0.924794	-0.95	-0.862641	0.914705	0.900179	0.92255
Gene: Naip1	Type_Where: Enterocyte_villi	-0.676951	-0.539683	-1.40162	0.893607	0.852667	0.871984
Gene: Cyp3a13	Type_Where: Enterocyte_villi	-0.885688	-0.90435	-0.946961	0.871841	0.905604	0.959554
Gene: Slc25a45	Type_Where: Enterocyte_villi	0.43789	-1.2834	-1.2834	0.663632	0.740361	0.724911
Gene: Cda	Type_Where: Enterocyte_villi	-0.911331	-0.926942	-0.898656	0.961427	0.855138	0.920364
Gene: Dak	Type_Where: Enterocyte_villi	-0.930696	-0.903427	-0.904314	0.910223	0.905374	0.92284
Gene: Anpep	Type_Where: Enterocyte_villi	-0.911572	-0.90935	-0.916652	0.944751	0.863206	0.929617
Gene: Abcg2	Type_Where: Enterocyte_villi	-1.01086	-0.993077	-0.714029	0.99709	0.800327	0.920549
Gene: Crat	Type_Where: Enterocyte_villi	-0.926627	-0.846917	-0.963041	0.927438	0.903938	0.905208
Gene: Gstm6	Type_Where: Enterocyte_villi	-0.918287	-0.848311	-0.91762	1.25377	0.72053	0.709914
Gene: Gsta1	Type_Where: Enterocyte_villi	-0.921566	-0.908665	-0.90829	0.923119	0.913429	0.901973
Gene: Lipe	Type_Where: Enterocyte_villi	-0.899619	-0.470489	-1.21735	0.44965	1.06206	1.07575
Gene: Dgat1	Type_Where: Enterocyte_villi	-0.86754	-0.896752	-0.972695	0.915676	0.914287	0.907023
Gene: Gstm3	Type_Where: Enterocyte_villi	-0.893664	-0.87321	-0.970177	0.900624	0.929806	0.906621
Gene: Ces2e	Type_Where: Enterocyte_villi	-0.909525	-0.871624	-0.953668	0.829352	0.965639	0.939824
Gene: Mttp	Type_Where: Enterocyte_villi	-0.894859	-0.906431	-0.936455	0.912378	0.879167	0.946201
Gene: Maoa	Type_Where: Enterocyte_villi	-0.890146	-0.90451	-0.943372	0.906608	0.898924	0.932496
Gene: Smpdl3a	Type_Where: Enterocyte_villi	-1.0864	-0.973861	-0.645391	0.957377	0.803457	0.944819
Gene: Pm20d1	Type_Where: Enterocyte_villi	-0.770516	-0.951486	-1.00773	0.941314	0.885013	0.903405
Gene: Cmbl	Type_Where: Enterocyte_villi	-0.981628	-0.834522	-0.919296	0.900457	0.902318	0.93267
Gene: Naprt	Type_Where: Enterocyte_villi	-1.07967	-0.730883	-0.911125	0.892754	0.898923	0.930001
Gene: Acad11	Type_Where: Enterocyte_villi	-1.00672	-0.787624	-0.937333	0.906274	0.90303	0.922374
Gene: Ccl25	Type_Where: Enterocyte_villi	-0.840971	-1.0657	-0.798892	1.01815	0.672636	1.01478
Gene: Ces2c	Type_Where: Enterocyte_villi	-0.856642	-0.901992	-0.976893	0.861764	0.929074	0.944689
Gene: Thnsl2	Type_Where: Enterocyte_villi	-0.870565	-0.970615	-0.891897	0.849413	1.00871	0.874951
Gene: Gramd3	Type_Where: Enterocyte_villi	-0.801295	-1.02582	-0.880311	1.00891	1.03674	0.661776
Gene: Ugt2a3	Type_Where: Enterocyte_villi	-0.92923	-0.873947	-0.928357	0.852254	0.842895	1.03639
Gene: Ms4a10	Type_Where: Enterocyte_villi	0.478735	-1.28631	-1.28631	0.698892	0.706517	0.688478
Gene: Hpgd	Type_Where: Enterocyte_villi	0.470522	-1.28584	-1.28584	0.690075	0.698667	0.712407
Gene: Mogat2	Type_Where: Enterocyte_villi	-1.0144	-0.834292	-0.884635	0.924293	0.874984	0.934052
Gene: Hectd3	Type_Where: Enterocyte_villi	-0.977679	-0.96473	-0.769468	1.03171	0.990835	0.689333
Gene: Retsat	Type_Where: Enterocyte_villi	-0.997415	-0.837152	-0.899523	0.907244	0.872047	0.954799
Gene: Sult2b1	Type_Where: Enterocyte_villi	-0.938042	-1.12307	-0.616931	0.691922	1.10943	0.876692
Gene: Fahd1	Type_Where: Enterocyte_villi	-0.452758	-1.5166	-0.530883	0.965518	0.540232	0.994493
Gene: Cyp2j6	Type_Where: Enterocyte_villi	-0.953384	-0.832222	-0.949057	0.854835	0.931608	0.948219
Gene: Hkdc1	Type_Where: Enterocyte_villi	-0.959158	-0.840416	-0.935477	0.964039	0.907714	0.863298
Gene: Bpnt1	Type_Where: Enterocyte_villi	-0.914727	-0.903527	-0.918867	0.905134	0.864816	0.967172
Gene: Gpd1	Type_Where: Enterocyte_villi	-0.959699	-0.853089	-0.92335	0.913552	0.871575	0.951011
Gene: Hnf4g	Type_Where: Enterocyte_villi	-0.85927	-0.931328	-0.946396	0.88067	0.934089	0.922234
Gene: Tmem135	Type_Where: Enterocyte_villi	-0.891486	-0.86434	-0.885874	1.18502	0.405724	1.05096
Gene: Tmem236	Type_Where: Enterocyte_villi	-0.771078	-0.980913	-0.978582	0.900088	0.907157	0.923328
Gene: Rab17	Type_Where: Enterocyte_villi	-1.05974	-0.86237	-0.804491	0.932364	0.956695	0.837547
Gene: Dnm1	Type_Where: Enterocyte_villi	-0.789468	-1.11454	-0.751664	1.26518	0.727756	0.662741
Gene: Gpt	Type_Where: Enterocyte_villi	-1.03923	-0.947284	-0.737522	0.861096	0.900137	0.962801
Gene: Entpd5	Type_Where: Enterocyte_villi	-0.871109	-0.901431	-0.962384	0.835179	0.963443	0.936302
Gene: Casp1	Type_Where: Enterocyte_villi	-0.798621	-1.00202	-0.931701	0.911613	0.937887	0.882846
Gene: Agmo	Type_Where: Enterocyte_villi	-0.875695	-0.768732	-1.07736	0.992988	0.88798	0.840818
Gene: Zzef1	Type_Where: Enterocyte_villi	-1.22687	-0.64627	-0.81617	0.904719	0.886013	0.898582
Gene: Galm	Type_Where: Enterocyte_villi	-0.957477	-0.937223	-0.841362	0.881815	0.938219	0.916028
Gene: Fam213b	Type_Where: Enterocyte_villi	-0.963566	-0.822507	-0.946297	0.995039	0.880528	0.856803
Gene: Casp7	Type_Where: Enterocyte_villi	-0.995066	-0.936438	-0.799775	0.912474	0.851715	0.967089
Gene: Hsd17b2	Type_Where: Enterocyte_villi	-1.02612	-0.783231	-0.92049	0.942597	0.912535	0.874709
Gene: Hagh	Type_Where: Enterocyte_villi	-0.803073	-0.990959	-0.939115	0.883914	0.925337	0.923896
Gene: Hadh	Type_Where: Enterocyte_villi	-0.95789	-0.822202	-0.95407	0.945388	0.930198	0.858577
Gene: Cideb	Type_Where: Enterocyte_villi	0.262112	0.277722	-2.02836	0.516907	0.504339	0.467284
Gene: Idh1	Type_Where: Enterocyte_villi	-0.962824	-0.79944	-0.97	0.856732	0.928666	0.946866
Gene: 37316	Type_Where: Enterocyte_villi	-0.957969	-0.789784	-0.984629	0.897347	0.925655	0.90938
Gene: Acaa1a	Type_Where: Enterocyte_villi	-0.874806	-0.919026	-0.94344	0.952575	0.897769	0.886927
Gene: Akr1b7	Type_Where: Enterocyte_villi	-0.922969	-0.905937	-0.90905	0.951209	0.891644	0.895102
Gene: Ehhadh	Type_Where: Enterocyte_villi	-0.888654	-0.862331	-0.98372	0.974605	0.871701	0.888399
Gene: Sec23a	Type_Where: Enterocyte_villi	-0.972411	-0.86234	-0.89974	0.870774	0.875801	0.987917
Gene: Acaa2	Type_Where: Enterocyte_villi	-0.904539	-0.819723	-1.00864	0.876237	0.951805	0.904863
Gene: Krt20	Type_Where: Enterocyte_villi	-0.859445	-0.860837	-1.01228	0.939735	0.84457	0.94826
Gene: Nlrp6	Type_Where: Enterocyte_villi	-0.83672	-1.16345	-0.705724	0.901795	0.840293	0.963804
Gene: Gnpda1	Type_Where: Enterocyte_villi	-0.385328	-1.0354	-1.19699	0.732491	1.07129	0.813936
Gene: Hdhd3	Type_Where: Enterocyte_villi	-0.909136	-0.879232	-0.949378	0.893354	0.930272	0.91412
Gene: Acox1	Type_Where: Enterocyte_villi	-0.867283	-0.903894	-0.965672	0.897761	0.895289	0.943798
Gene: Acot11	Type_Where: Enterocyte_villi	-1.06735	-0.789478	-0.869665	0.895076	0.877097	0.954316
Gene: Gna11	Type_Where: Enterocyte_villi	-0.872464	-0.894972	-0.969565	0.928641	0.891625	0.916736
Gene: Tmem120a	Type_Where: Enterocyte_villi	-1.03765	-0.431248	-1.17986	0.819204	0.898898	0.930658
Gene: Cndp2	Type_Where: Enterocyte_villi	-0.965048	-0.875415	-0.896913	0.90548	0.921649	0.910247
Gene: Ugt1a7c	Type_Where: Enterocyte_villi	-0.857538	-0.867119	-1.00982	0.900328	0.93047	0.903678
Gene: Ctss	Type_Where: Enterocyte_villi	0.280978	-2.03077	0.30585	0.546463	0.416237	0.481243
Gene: Abr	Type_Where: Enterocyte_villi	-0.927406	-0.972794	-0.811696	1.0827	0.681637	0.947557
Gene: Acsl5	Type_Where: Enterocyte_villi	-0.898755	-0.871099	-0.966093	0.855834	0.950628	0.929486
Gene: Pttg1ip	Type_Where: Enterocyte_villi	-1.09859	-0.708259	-0.735005	0.226371	1.05964	1.25585
Gene: Acp5	Type_Where: Enterocyte_villi	-0.73155	-0.785554	-1.18618	0.844645	0.930324	0.92832
Gene: Tep1	Type_Where: Enterocyte_villi	-0.84556	-1.01561	-0.839646	1.0914	0.981187	0.628236
Gene: Itfg3	Type_Where: Enterocyte_villi	-0.873828	-0.879553	-0.983114	0.919263	0.901986	0.915246
Gene: Trim31	Type_Where: Enterocyte_villi	-0.910725	-1.07514	-0.735846	0.880188	0.958424	0.883103
Gene: Scp2	Type_Where: Enterocyte_villi	-0.930788	-0.834032	-0.970776	0.885382	0.931069	0.919145
Gene: Slc27a4	Type_Where: Enterocyte_villi	-0.85795	-0.809697	-1.05865	0.827169	0.953245	0.945881
Gene: Cyb5r3	Type_Where: Enterocyte_villi	-0.794555	-0.803736	-1.11704	0.801259	0.980143	0.933927
Gene: Lrp1	Type_Where: Enterocyte_villi	-1.68839	-0.0409871	-0.566663	0.768664	0.577596	0.949781
Gene: Prap1	Type_Where: Enterocyte_villi	-0.931637	-0.92337	-0.881932	0.957535	0.861213	0.918191
Gene: Mical2	Type_Where: Enterocyte_villi	-0.778373	-0.891001	-0.944239	1.01728	0.351141	1.2452
Gene: Ugdh	Type_Where: Enterocyte_villi	-0.912809	-0.988003	-0.833749	0.890321	0.955356	0.888884
Gene: Tspan15	Type_Where: Enterocyte_villi	-0.905163	-0.653439	-1.12443	1.13795	0.752881	0.792199
Gene: Slc43a2	Type_Where: Enterocyte_villi	-1.28905	-1.28905	0.539119	0.676191	0.671943	0.690857
Gene: Slc7a7	Type_Where: Enterocyte_villi	-1.04121	-0.958795	-0.722152	0.910186	0.855743	0.956224
Gene: Klc4	Type_Where: Enterocyte_villi	-0.898713	-0.876813	-0.961833	0.923123	0.891225	0.923012
Gene: Myo7a	Type_Where: Enterocyte_villi	-1.0802	-1.00701	-0.586061	0.843097	0.702895	1.12728
Gene: Gsta4	Type_Where: Enterocyte_villi	-0.919101	-0.829677	-0.986197	0.908145	0.934892	0.891938
Gene: Soat2	Type_Where: Enterocyte_villi	-0.932773	-0.968632	-0.827522	0.793138	1.01365	0.922139
Gene: Reep6	Type_Where: Enterocyte_villi	-0.830621	-0.844888	-1.04741	0.858654	1.04198	0.82229
Gene: Dhrs1	Type_Where: Enterocyte_villi	-0.785914	-0.893309	-1.04485	0.877918	0.828941	1.01722
Gene: Abcb1a	Type_Where: Enterocyte_villi	-0.919402	-0.858111	-0.958416	0.935117	0.856383	0.944429
Gene: Agpat2	Type_Where: Enterocyte_villi	-0.758334	-1.27352	-0.631349	0.726831	0.941611	0.994764
Gene: Acy1	Type_Where: Enterocyte_villi	-0.9816	-0.883828	-0.869762	0.863282	0.963799	0.908108
Gene: Chp2	Type_Where: Enterocyte_villi	-1.28946	-1.28946	0.550278	0.67533	0.679581	0.673722
Gene: Decr1	Type_Where: Enterocyte_villi	-0.901156	-0.912235	-0.923198	0.979777	0.866265	0.890547
Gene: Mpp1	Type_Where: Enterocyte_villi	-0.874596	-0.974426	-0.885041	0.945521	0.960702	0.82784
Gene: Acadm	Type_Where: Enterocyte_villi	-0.909954	-0.854115	-0.971719	0.871238	0.911003	0.953547
Gene: Mvp	Type_Where: Enterocyte_villi	-0.863659	-0.934146	-0.939136	0.889485	0.894099	0.953357
Gene: Epb41l3	Type_Where: Enterocyte_villi	-0.94409	-0.926931	-0.866187	0.946218	0.889858	0.901131
Gene: Galt	Type_Where: Enterocyte_villi	-1.02931	-0.835247	-0.819269	0.92099	1.17269	0.590143
Gene: Pgm1	Type_Where: Enterocyte_villi	-0.9381	-0.82325	-0.973388	0.887533	0.901857	0.945348
Gene: Coro2a	Type_Where: Enterocyte_villi	-0.89515	-0.84086	-0.998586	0.8828	0.942879	0.908916
Gene: Ckmt1	Type_Where: Enterocyte_villi	-0.924848	-0.83508	-0.974385	0.972374	0.889553	0.872385
Gene: Gpr128	Type_Where: Enterocyte_villi	-0.870363	-0.888485	-0.974597	0.819587	0.962925	0.950934
Gene: Bcl2l15	Type_Where: Enterocyte_villi	0.300534	0.294954	-2.02919	0.404842	0.437285	0.591574
Gene: Gstk1	Type_Where: Enterocyte_villi	-0.963056	-0.907515	-0.864843	0.97412	0.903	0.858294
Gene: Tmem253	Type_Where: Enterocyte_villi	-0.526461	-0.840694	-1.02287	1.61557	0.214263	0.560194
Gene: Vmp1	Type_Where: Enterocyte_villi	-0.623813	-0.873146	-1.17972	0.775316	0.795697	1.10566
Gene: Rmdn3	Type_Where: Enterocyte_villi	-0.88102	-0.85654	-0.994127	0.882857	0.842777	1.00605
Gene: Ggact	Type_Where: Enterocyte_villi	-0.980417	-0.580376	-1.09322	0.562664	1.00461	1.08674
Gene: Erbb3	Type_Where: Enterocyte_villi	-0.97458	-0.978939	-0.727246	0.737463	0.715795	1.22751
Gene: Casp6	Type_Where: Enterocyte_villi	-1.23474	-0.378066	-0.924027	0.408758	1.21767	0.910412
Gene: Ccs	Type_Where: Enterocyte_villi	-1.07457	-0.789154	-0.860405	0.874838	0.983634	0.865657
Gene: Snx9	Type_Where: Enterocyte_villi	-0.970215	-0.902672	-0.86209	0.884127	0.980923	0.869929
Gene: Txndc17	Type_Where: Enterocyte_villi	-0.781528	-1.03812	-0.899593	0.848918	0.807576	1.06274
Gene: Pex11a	Type_Where: Enterocyte_villi	0.327674	0.3212	-2.03653	0.456562	0.472049	0.459046
Gene: Gsdmdc1	Type_Where: Enterocyte_villi	-1.02321	-0.976674	-0.716042	0.769935	0.963227	0.982764
Gene: Stom	Type_Where: Enterocyte_villi	-0.43207	-1.38041	-0.763346	1.01891	0.58493	0.97199
Gene: Aldh9a1	Type_Where: Enterocyte_villi	-0.89278	-0.889819	-0.953747	0.869546	0.895	0.971801
Gene: Hsd17b4	Type_Where: Enterocyte_villi	-0.929089	-0.789034	-1.0134	0.914194	0.900064	0.917264
Gene: Pls1	Type_Where: Enterocyte_villi	-1.02998	-0.764252	-0.932921	0.848325	0.933289	0.945537
Gene: Ccdc134	Type_Where: Enterocyte_villi	-0.83182	-1.03277	-0.852877	0.895936	0.748966	1.07257
Gene: Pcyt1a	Type_Where: Enterocyte_villi	-0.827401	-1.02485	-0.878878	0.851934	0.9638	0.915398
Gene: Mylk	Type_Where: Enterocyte_villi	-0.900832	-0.973044	-0.861605	0.949879	0.854935	0.930667
Gene: Sar1b	Type_Where: Enterocyte_villi	-1.01516	-0.810197	-0.901342	0.880602	1.02584	0.820254
Gene: Frk	Type_Where: Enterocyte_villi	-0.822232	-0.957092	-0.949796	0.880206	1.02884	0.820071
Gene: Lypla1	Type_Where: Enterocyte_villi	-0.871131	-1.04936	-0.801449	0.861944	1.04157	0.818433
Gene: Adipor2	Type_Where: Enterocyte_villi	-1.19791	-0.198538	-1.03764	1.36861	0.596641	0.468837
Gene: Bco2	Type_Where: Enterocyte_villi	-0.527107	-1.05723	-1.07756	1.00821	0.999256	0.654427
Gene: Aldh1l1	Type_Where: Enterocyte_villi	-0.97862	-0.873837	-0.881724	0.862196	0.882476	0.989509
Gene: Mdh2	Type_Where: Enterocyte_villi	-0.751398	-0.905671	-1.06634	0.845937	0.937389	0.940087
Gene: Abhd3	Type_Where: Enterocyte_villi	-0.372949	-1.28371	-0.817379	0.91891	0.281948	1.27318
Gene: Ilvbl	Type_Where: Enterocyte_villi	-0.870608	-0.559644	-1.23824	0.915792	0.77403	0.978673
Gene: Faah	Type_Where: Enterocyte_villi	-0.789024	-1.16683	-0.65937	0.794335	1.29281	0.528076
Gene: Ogdh	Type_Where: Enterocyte_villi	-0.978708	-0.71955	-1.02282	0.902354	0.838345	0.980381
Gene: Lpcat3	Type_Where: Enterocyte_villi	-1.02612	-0.529537	-1.12194	1.0009	0.822766	0.853925
Gene: Tor1aip2	Type_Where: Enterocyte_villi	-0.953527	-0.729458	-1.03408	0.827599	0.846241	1.04322
Gene: Akr7a2	Type_Where: Enterocyte_villi	-1.02266	-0.90561	-0.784996	0.721118	1.07815	0.913997
Gene: Abcd3	Type_Where: Enterocyte_villi	-0.845454	-0.706923	-1.14135	0.727527	1.08439	0.881814
Gene: Sgpl1	Type_Where: Enterocyte_villi	-0.906972	-0.793867	-1.02846	0.965922	0.852453	0.910919
Gene: Plin3	Type_Where: Enterocyte_villi	-1.0653	-0.921168	-0.729748	0.788862	1.01069	0.916664
Gene: Parp9	Type_Where: Enterocyte_villi	-1.15667	-0.903807	-0.495445	1.34364	0.778755	0.433526
Gene: Rfk	Type_Where: Enterocyte_villi	-0.877455	-0.787791	-1.05833	0.909527	0.815433	0.998614
Gene: Vat1	Type_Where: Enterocyte_villi	-0.870578	-0.887961	-0.968954	1.05154	0.885922	0.790027
Gene: Hadha	Type_Where: Enterocyte_villi	-0.816475	-0.884189	-1.03052	0.866293	0.921548	0.943342
Gene: Ap2a2	Type_Where: Enterocyte_villi	-0.982453	-0.731319	-1.00652	0.936411	0.794731	0.989149
Gene: Sqrdl	Type_Where: Enterocyte_villi	-0.921093	-0.761679	-1.04213	0.828017	0.929759	0.967126
Gene: Cdh17	Type_Where: Enterocyte_villi	-0.888154	-0.91635	-0.926019	1.03061	0.790943	0.908968
Gene: Spint1	Type_Where: Enterocyte_villi	-0.484241	-1.18429	-0.730896	0.172311	1.51295	0.71417
Gene: Atp6v0a2	Type_Where: Enterocyte_villi	-1.06141	-0.870822	-0.785507	0.911278	0.769147	1.03732
Gene: Pepd	Type_Where: Enterocyte_villi	-0.970799	-0.842987	-0.921973	0.87496	0.935064	0.925735
Gene: Atp1a1	Type_Where: Enterocyte_villi	-0.894	-0.699646	-1.10811	0.983714	0.717908	1.00013
Gene: Dnpep	Type_Where: Enterocyte_villi	-0.947028	-1.00638	-0.762559	0.728009	1.03165	0.95631
Gene: Nipsnap3b	Type_Where: Enterocyte_villi	-1.14236	-0.651683	-0.828829	1.24526	0.893483	0.48413
Gene: Sfxn1	Type_Where: Enterocyte_villi	-1.00768	-0.904803	-0.80929	1.01558	0.743544	0.962647
Gene: Acp6	Type_Where: Enterocyte_villi	-1.11518	-0.559533	-1.01387	0.951459	0.842931	0.894186
Gene: Dqx1	Type_Where: Enterocyte_villi	-1.2905	-1.2905	0.594172	0.652054	0.676508	0.658273
Gene: Abhd6	Type_Where: Enterocyte_villi	-1.22269	-0.127058	-1.07859	0.320264	1.0319	1.07617
Gene: Cyb5b	Type_Where: Enterocyte_villi	-1.0675	-0.700128	-0.903796	0.856043	1.20163	0.613746
Gene: Xpnpep1	Type_Where: Enterocyte_villi	-1.09576	-0.831565	-0.745425	1.20839	0.831562	0.632801
Gene: Gpi	Type_Where: Enterocyte_villi	-1.07978	-0.824802	-0.821282	0.868237	0.933511	0.924116
Gene: Optn	Type_Where: Enterocyte_villi	-0.799024	-0.995904	-0.921548	0.870168	1.09472	0.751592
Gene: Rufy3	Type_Where: Enterocyte_villi	-2.03976	0.345726	0.384545	0.450298	0.436946	0.422244
Gene: Pld1	Type_Where: Enterocyte_villi	-0.891377	-0.872232	-0.957135	1.10855	0.79967	0.812519
Gene: Slc46a1	Type_Where: Enterocyte_villi	-1.13871	-0.424703	-1.07662	1.0274	0.743069	0.869566
Gene: Ttyh2	Type_Where: Enterocyte_villi	-0.766986	-0.993606	-0.787261	0.913275	0.253949	1.38063
Gene: Pex19	Type_Where: Enterocyte_villi	-1.03689	-1.29307	-0.131069	0.570405	1.19334	0.697286
Gene: Gng12	Type_Where: Enterocyte_villi	-0.955687	-1.02184	-0.722923	1.03874	0.65727	1.00445
Gene: Mcu	Type_Where: Enterocyte_villi	-0.923468	-0.401975	-1.2669	0.5618	0.973851	1.05669
Gene: Tmem230	Type_Where: Enterocyte_villi	-0.36738	-1.02199	-1.21139	0.793465	1.1162	0.691097
Gene: Myo1d	Type_Where: Enterocyte_villi	-0.919439	-0.516909	-1.22901	0.811337	0.928964	0.925057
Gene: Pcsk5	Type_Where: Enterocyte_villi	-0.58598	-1.17655	-0.870841	0.571409	0.855403	1.20656
Gene: Pgd	Type_Where: Enterocyte_villi	-0.968566	-0.697829	-1.04675	0.784414	1.00863	0.920103
Gene: Pgm2	Type_Where: Enterocyte_villi	-1.06239	-0.646662	-0.977876	0.915144	0.673967	1.09782
Gene: Ezr	Type_Where: Enterocyte_villi	-1.02435	-0.727358	-0.950019	0.71497	0.862347	1.12441
Gene: Cast	Type_Where: Enterocyte_villi	-0.673901	-1.22942	-0.77201	0.906488	1.04604	0.722806
Gene: Gk	Type_Where: Enterocyte_villi	-1.09738	-0.327434	-1.08432	0.979939	0.326815	1.20238
Gene: Farp2	Type_Where: Enterocyte_villi	-1.2719	-0.749309	-0.603335	0.73542	1.20102	0.688104
Gene: Tubal3	Type_Where: Enterocyte_villi	-0.422777	0.326228	-1.81195	0.808897	0.843745	0.255855
Gene: Lpgat1	Type_Where: Enterocyte_villi	-1.06519	-0.150146	-1.15478	0.500152	1.44034	0.429629
Gene: Lad1	Type_Where: Enterocyte_villi	-1.10252	-0.819254	-0.779406	0.958729	0.686087	1.05637
Gene: Ccdc88c	Type_Where: Enterocyte_villi	-0.992374	-0.500226	-1.11924	1.17745	0.496823	0.937573
Gene: Aldh18a1	Type_Where: Enterocyte_villi	-0.998802	-0.551474	-1.13511	0.885928	0.954075	0.845382
Gene: Dlst	Type_Where: Enterocyte_villi	-0.888962	-0.795818	-1.03909	0.820727	1.02953	0.873608
Gene: Actn4	Type_Where: Enterocyte_villi	-0.935734	-0.566686	-1.15003	0.91421	0.610104	1.12814
Gene: Baiap2l1	Type_Where: Enterocyte_villi	-1.02188	-0.747039	-0.932349	0.666066	0.93467	1.10053
Gene: Itga3	Type_Where: Enterocyte_villi	-0.977654	-0.578795	-1.12339	0.738767	1.06416	0.876909
Gene: Tbc1d22a	Type_Where: Enterocyte_villi	-0.60533	-0.122446	-1.53823	0.550211	1.34664	0.369159
Gene: Fam3b	Type_Where: Enterocyte_villi	-1.8059	-0.478043	0.777669	0.483713	0.783913	0.238644
Gene: Itpk1	Type_Where: Enterocyte_villi	0.0900393	-1.48732	-0.41072	0.0263404	1.60611	0.175551
Gene: Upp1	Type_Where: Enterocyte_villi	0.378691	-2.04087	0.394028	0.428586	0.425599	0.413965
Gene: Aprt	Type_Where: Enterocyte_villi	-0.933971	-0.840911	-0.860588	0.413013	0.97031	1.25215
Gene: Tax1bp3	Type_Where: Enterocyte_villi	0.21302	-0.680874	-1.44714	1.40829	-0.12424	0.630947
Gene: Dbnl	Type_Where: Enterocyte_villi	-1.40416	-0.886307	-0.262728	0.874498	0.841452	0.837246
Gene: Stx12	Type_Where: Enterocyte_villi	-0.800484	-0.97854	-0.639663	0.883028	0.0489224	1.48674
Gene: Eno1	Type_Where: Enterocyte_villi	-0.925508	-0.903679	-0.842107	0.61415	0.779018	1.27813
Gene: Dst	Type_Where: Enterocyte_villi	-1.23453	-0.621097	-0.0854478	0.139583	1.74948	0.052017
Gene: Ptdss1	Type_Where: Enterocyte_villi	-0.125343	-0.772065	-0.66673	0.00155125	1.94809	-0.385505
Gene: Sco2	Type_Where: Enterocyte_villi	-0.154306	0.218758	-1.67549	-0.236528	1.3471	0.500465
Gene: Pccb	Type_Where: Enterocyte_villi	1.16399	-0.987019	-1.34095	0.349914	0.864735	-0.0506628
Gene: Frmd8	Type_Where: Enterocyte_villi	-1.17152	-0.159237	0.808939	-1.1808	0.623191	1.07942
Gene: Man1b1	Type_Where: Enterocyte_villi	-1.29426	0.76614	0.227198	0.695402	-1.228	0.833515
Gene: Cstb	Type_Where: Enterocyte_villi	-0.837562	-0.544903	1.89464	0.272452	-0.27008	-0.514541
Gene: Ckb	Type_Where: Enterocyte_villi	1.0278	-3.46E-05	-1.08761	0.832065	0.554699	-1.32691
Gene: Ppap2a	Type_Where: Enterocyte_villi	1.21046	-0.174731	0.733895	-0.201419	-1.70482	0.13662
Gene: Myo5b	Type_Where: Enterocyte_villi	0.263364	1.48377	0.512245	-1.44379	-0.565218	-0.250375
Gene: Gstm5	Type_Where: Enterocyte_villi	0.490186	0.822139	1.16572	-1.38143	-0.876381	-0.220235
Gene: Slc3a2	Type_Where: Enterocyte_villi	0.852907	1.12551	0.701977	-0.650503	-1.13662	-0.893272
Gene: Htra2	Type_Where: Enterocyte_villi	1.12609	1.02362	0.523449	-0.754023	-0.963644	-0.955492
Gene: Slc39a4	Type_Where: Enterocyte_villi	0.314853	1.2373	1.00461	-0.677938	-0.678527	-1.2003
Gene: Lgals3	Type_Where: Enterocyte_villi	0.932378	0.946001	0.840078	-1.09381	-0.729063	-0.895583
Gene: Srsf10	Type_Where: Enterocyte_villi	0.668163	1.0663	0.972523	-1.01457	-0.914321	-0.778089
Gene: Tmem65	Type_Where: tuft_villi	-0.408248	-0.408248	-0.408248	2.04124	-0.408248	-0.408248
Gene: Kctd12	Type_Where: tuft_villi	-0.912762	-0.912762	-0.912762	0.907977	0.891115	0.939195
Gene: Gpcpd1	Type_Where: tuft_villi	-0.912801	-0.912801	-0.912801	0.92981	0.917136	0.891458
Gene: Lzts2	Type_Where: tuft_villi	0.911877	0.913183	0.913552	-0.912871	-0.912871	-0.912871
Gene: Dclk1	Type_Where: tuft_villi	-0.912861	-0.912861	-0.912861	0.914501	0.919227	0.904856
Gene: Adh1	Type_Where: tuft_villi	-0.922947	-0.901246	-0.914339	0.906683	0.915581	0.916268
Gene: S100g	Type_Where: tuft_villi	-0.639758	-1.3189	-0.70109	0.908106	0.854426	0.897213
Gene: Cbr3	Type_Where: tuft_villi	-0.884662	-0.92336	-0.928554	0.864413	0.973913	0.898249
Gene: Mov10	Type_Where: tuft_villi	-0.982501	-1.04719	-0.688655	0.885434	0.922387	0.910522
Gene: Cdhr5	Type_Where: tuft_villi	-0.985174	-0.894514	-0.85149	0.994447	0.808369	0.928362
Gene: Lmtk2	Type_Where: tuft_villi	-0.898696	-0.669583	-0.971897	0.190071	1.20505	1.14506
Gene: Hebp1	Type_Where: tuft_villi	-0.859728	-0.833455	-1.03287	0.882484	1.02483	0.818739
Gene: Inpp5b	Type_Where: tuft_villi	-0.917695	-0.734972	-1.06664	0.815478	0.988387	0.915438
Gene: Aldh3a2	Type_Where: tuft_villi	-0.863296	-0.900299	-0.970306	0.985244	0.835095	0.913563
Gene: Bpgm	Type_Where: tuft_villi	-0.913914	-1.0013	-0.814985	0.996933	0.898196	0.835066
Gene: Atp2a3	Type_Where: tuft_villi	-0.768035	-0.858807	-1.09527	0.952081	0.887187	0.882841
Gene: Ptpn6	Type_Where: tuft_villi	-1.04614	-0.752119	-0.924808	0.914175	0.824134	0.984752
Gene: Mical1	Type_Where: tuft_villi	-0.947941	-0.868929	-0.920514	0.935276	0.916656	0.885452
Gene: Mocs2	Type_Where: tuft_villi	-0.908655	-1.18368	-0.503239	0.470282	0.920557	1.20474
Gene: Rmdn1	Type_Where: tuft_villi	-0.84401	-1.00172	-0.858823	0.949937	1.10634	0.64828
Gene: Oat	Type_Where: tuft_villi	-0.940507	-0.818281	-0.971882	0.808012	0.953628	0.96903
Gene: Tmem45b	Type_Where: tuft_villi	-1.10646	-0.937241	-0.653545	1.06546	0.773348	0.858444
Gene: Ethe1	Type_Where: tuft_villi	-0.884944	-0.850402	-0.998949	0.957	0.90527	0.872025
Gene: Mgst3	Type_Where: tuft_villi	-0.842997	-0.713366	-1.15366	0.907462	0.874608	0.927956
Gene: Crot	Type_Where: tuft_villi	-1.25901	-1.04599	-0.280457	0.944941	0.862538	0.77798
Gene: Slc4a7	Type_Where: tuft_villi	-0.74593	-0.904916	-1.05939	1.08694	0.853147	0.770141
Gene: Trim2	Type_Where: tuft_villi	-0.914896	-0.931195	-0.742975	0.423895	1.41437	0.750803
Gene: H2-Q10	Type_Where: tuft_villi	-0.509403	-1.41327	-0.558916	0.602518	1.32833	0.550744
Gene: Abcc3	Type_Where: tuft_villi	-0.703292	-1.07078	-0.943702	0.962099	0.904354	0.851321
Gene: Espn	Type_Where: tuft_villi	-1.2904	0.587667	-1.2904	0.660302	0.674399	0.658442
Gene: Chdh	Type_Where: tuft_villi	-1.00275	-0.736288	-0.978978	0.947071	1.00573	0.765215
Gene: Aldh2	Type_Where: tuft_villi	-0.898782	-0.924784	-0.900701	0.72621	0.965781	1.03227
Gene: Acss2	Type_Where: tuft_villi	-0.965632	-0.961005	-0.805898	0.956671	0.852681	0.923183
Gene: Rabgap1l	Type_Where: tuft_villi	-0.847686	-0.731618	-0.745063	0.101566	1.70735	0.515452
Gene: Nt5c3a	Type_Where: tuft_villi	-0.889422	-1.08028	-0.540613	0.749393	1.44511	0.315805
Gene: Stx3	Type_Where: tuft_villi	-0.745957	-1.03382	-0.909619	1.12816	0.613449	0.947791
Gene: Sfxn3	Type_Where: tuft_villi	-0.711394	-0.29273	-1.38345	0.488592	0.473818	1.42516
Gene: Siae	Type_Where: tuft_villi	-0.688464	-0.979101	-0.960484	1.00672	0.412539	1.20879
Gene: Vamp8	Type_Where: tuft_villi	-0.776804	-0.818896	-0.835397	1.25826	1.20168	-0.0288489
Gene: Stk38	Type_Where: tuft_villi	-0.839503	-1.24395	-0.569261	0.964289	0.659143	1.02929
Gene: Asah1	Type_Where: tuft_villi	-1.23455	-0.912547	-0.497079	1.07474	0.853345	0.716096
Gene: Pnpla6	Type_Where: tuft_villi	-1.12592	-0.704277	-0.791416	1.02063	0.421887	1.1791
Gene: Calml4	Type_Where: tuft_villi	-1.01588	-1.0078	-0.608112	0.458298	1.01446	1.15903
Gene: Nudt14	Type_Where: tuft_villi	-1.3235	-0.502355	-0.618101	0.708847	0.317022	1.41809
Gene: Myo6	Type_Where: tuft_villi	-0.946226	-0.752056	-1.02072	1.05112	0.860721	0.807156
Gene: Nptn	Type_Where: tuft_villi	-0.60124	-0.20226	-1.62077	0.751973	0.895036	0.777265
Gene: Samd9l	Type_Where: tuft_villi	-0.581199	-0.953891	-0.461019	1.77993	0.525371	-0.309191
Gene: Galk1	Type_Where: tuft_villi	-1.15503	-0.752034	-0.785418	1.10559	0.761731	0.825162
Gene: Arpc5	Type_Where: tuft_villi	-0.227798	-1.18553	-1.09418	0.557316	1.23316	0.717028
Gene: Ppp3ca	Type_Where: tuft_villi	-0.969141	-0.730876	-0.967278	0.575557	1.23561	0.856124
Gene: Prcp	Type_Where: tuft_villi	-0.625961	-0.358425	-1.3413	0.0237681	1.27474	1.02717
Gene: Tmem160	Type_Where: tuft_villi	-1.15979	-0.234758	-0.844679	1.01851	1.35328	-0.132557
Gene: Hk1	Type_Where: tuft_villi	-0.600682	-1.04142	-0.865125	1.32517	0.171816	1.01025
Gene: Gprc5a	Type_Where: tuft_villi	-0.379132	-0.267356	-1.63149	0.61116	0.408915	1.2579
Gene: Atp6v1d	Type_Where: tuft_villi	-0.250076	-0.493512	-1.65473	0.853654	0.641811	0.902851
Gene: Bcl2l14	Type_Where: tuft_villi	-0.941834	-0.76753	-0.728356	0.609318	0.224799	1.6036
Gene: Slc25a12	Type_Where: tuft_villi	-0.849807	-0.510385	-0.958494	1.62898	0.0229859	0.666718
Gene: Ppt1	Type_Where: tuft_villi	-0.559277	-0.103628	-1.4889	1.49724	0.284222	0.370345
Gene: Rab5b	Type_Where: tuft_villi	-1.70756	0.527038	-0.331053	0.89988	0.897458	-0.285763
Gene: Abhd16a	Type_Where: tuft_villi	-0.0550609	0.434597	-1.93109	0.512485	0.147696	0.89137
Gene: Eml3	Type_Where: tuft_villi	0.628656	0.631884	0.677815	0.643241	-1.2908	-1.2908
Gene: Cap1	Type_Where: tuft_villi	-1.22272	0.253705	-0.846891	1.33408	-0.402336	0.884156
Gene: Casp3	Type_Where: tuft_villi	-0.200337	-0.537606	-1.21753	-0.28554	1.66633	0.574681
Gene: Stard5	Type_Where: tuft_villi	0.0518587	-1.88261	0.232261	1.09327	0.0573043	0.447916
Gene: Eppk1	Type_Where: tuft_villi	0.129844	-0.98169	-1.34069	0.659059	0.213634	1.31984
Gene: Capg	Type_Where: tuft_villi	-1.17202	-1.13124	-0.241144	0.597544	0.838677	1.10818
Gene: Anxa11	Type_Where: tuft_villi	0.138448	-1.19131	-1.15467	0.476988	0.363553	1.36699
Gene: Nsfl1c	Type_Where: tuft_villi	-1.50813	-0.783858	0.484374	1.22226	-0.0323346	0.617691
Gene: Dpysl2	Type_Where: tuft_villi	-0.671302	-0.524319	-0.656976	-0.536867	0.603195	1.78627
Gene: Tbcb	Type_Where: tuft_villi	-1.69522	0.252368	0.430317	-0.649389	0.637729	1.02419
Gene: Rhog	Type_Where: tuft_villi	0.0727939	0.720648	-0.7496	1.28933	-1.49194	0.158773
Gene: Septin8	Type_Where: tuft_villi	-0.828577	-0.313127	1.64418	0.739862	-0.931808	-0.310527
Gene: Gna14	Type_Where: tuft_villi	-0.527851	1.58983	0.0840441	0.0243558	-1.45158	0.281207
Gene: Vps53	Type_Where: tuft_villi	-0.0590064	-0.0865824	1.17418	-1.61854	-0.344017	0.933972
Gene: Cpne3	Type_Where: tuft_villi	1.07022	0.516192	0.591779	-1.77532	-0.251807	-0.151064
Gene: Lrch4	Type_Where: tuft_villi	-0.264298	-0.352925	1.60748	0.682375	-1.25887	-0.413764
Gene: Anxa4	Type_Where: tuft_villi	0.0791692	1.88802	-0.251365	-1.01364	-0.565486	-0.1367
Gene: Vdac3	Type_Where: tuft_villi	1.56228	0.573835	-1.01036	-1.04214	0.202753	-0.28636
Gene: Lima1	Type_Where: tuft_villi	0.46334	1.30536	0.0379952	-0.661756	-1.5691	0.424158
Gene: Csk	Type_Where: tuft_villi	0.945189	-1.09483	0.702795	-1.2422	-0.218328	0.90737
Gene: Lmf1	Type_Where: tuft_villi	0.787507	1.14774	-1.47282	0.400616	-0.856035	-0.00701209
Gene: Atp8a1	Type_Where: tuft_villi	0.588386	-1.022	1.64772	-0.183453	-0.92126	-0.109397
Gene: Man2a1	Type_Where: tuft_villi	0.888403	1.38726	0.0656897	-0.638849	-1.31198	-0.390532
Gene: Nsf	Type_Where: tuft_villi	0.708313	0.999969	0.944696	-1.27206	-0.55951	-0.821404
Gene: Cystm1	Type_Where: tuft_villi	0.123674	0.893782	0.909476	0.226804	-0.374023	-1.77971
Gene: Slc26a2	Type_Where: tuft_villi	0.417626	1.04981	0.328704	-0.231315	-1.86352	0.298701
Gene: Ube2j1	Type_Where: tuft_villi	0.471699	1.74136	-0.0807915	-1.09136	-0.466477	-0.574431
Gene: Smug1	Type_Where: tuft_villi	-1.06009	0.705028	0.750971	-1.48418	0.443508	0.644758
Gene: Fam49b	Type_Where: tuft_villi	-1.13527	0.981696	1.45851	-0.250294	-0.55387	-0.500766
Gene: Ndufaf3	Type_Where: tuft_villi	-0.0596922	-0.462308	0.587432	-0.983449	1.69373	-0.775714
Gene: Fn1	Type_Where: tuft_villi	0.488379	1.63171	0.172795	-0.853541	-1.11003	-0.329316
Gene: Bub3	Type_Where: tuft_villi	0.659531	1.1558	0.851651	-0.593863	-1.003	-1.07012
Gene: Sort1	Type_Where: tuft_villi	0.348668	0.566558	1.54102	-0.480526	-0.993266	-0.982455
Gene: Ckap4	Type_Where: tuft_villi	0.743705	-0.127557	1.4884	-0.0918465	-0.70522	-1.30748
Gene: Rab4b	Type_Where: tuft_villi	-0.399307	0.609394	1.76253	-0.480276	-0.650106	-0.842238
Gene: Svil	Type_Where: tuft_villi	1.32646	0.570614	0.749153	-0.833428	-0.99567	-0.817132
Gene: Kdm4a	Type_Where: tuft_villi	1.26096	0.909081	0.210729	-1.29633	-0.17433	-0.910111
Gene: Myadm	Type_Where: tuft_villi	0.449053	1.4299	0.698531	-0.701273	-0.854629	-1.02158
Gene: Gnai2	Type_Where: tuft_villi	0.950521	1.10781	0.596723	-0.7291	-1.21493	-0.711016
Gene: Eef2k	Type_Where: tuft_villi	0.879683	0.778023	0.453857	-1.82555	-0.286765	0.000746621
Gene: Wnk2	Type_Where: tuft_villi	0.421271	0.462634	0.421694	0.384137	-2.03975	0.350018
Gene: Dsp	Type_Where: tuft_villi	0.981555	1.0971	0.579095	-0.763407	-1.19263	-0.701716
Gene: Hacd3	Type_Where: tuft_villi	0.764454	1.06649	0.894988	-0.899059	-0.904348	-0.922525
Gene: Tmem176b	Type_Where: tuft_villi	0.812799	0.729584	1.12142	-0.548276	-1.13237	-0.983159
Gene: Ddah1	Type_Where: tuft_villi	0.422733	1.23392	0.917962	-0.516147	-0.840808	-1.21766
Gene: Rabgap1	Type_Where: tuft_villi	0.91183	0.682151	1.00617	-1.39405	-0.703415	-0.502678
Gene: Mllt4	Type_Where: tuft_villi	0.801139	1.01013	0.914135	-0.972471	-0.976644	-0.776293
Gene: Atp6ap1	Type_Where: tuft_villi	0.904266	0.889137	0.290445	-1.24566	0.418889	-1.25708
Gene: Cd47	Type_Where: tuft_villi	1.0723	0.44552	0.50778	-1.37745	0.477933	-1.12608
Gene: Hdac6	Type_Where: tuft_villi	0.490649	0.977178	1.08411	-1.35153	-0.397763	-0.802642
Gene: Morf4l1	Type_Where: tuft_villi	0.760458	1.0164	0.924003	-1.14717	-0.853905	-0.699785
Gene: Esyt1	Type_Where: tuft_villi	0.646318	1.08985	0.0942409	0.585601	-0.958861	-1.45715
Gene: Acot7	Type_Where: tuft_villi	1.04396	0.759228	0.615652	0.0108008	-1.25346	-1.17618
Gene: S100a11	Type_Where: tuft_villi	0.6493	0.839375	1.18857	-0.678468	-1.03982	-0.958961
Gene: Msi2	Type_Where: tuft_villi	0.990342	0.942762	0.77815	-0.920725	-1.08784	-0.702689
Gene: Hspa4l	Type_Where: tuft_villi	0.721993	1.01782	0.983382	-0.953822	-0.867468	-0.90191
Gene: Sox9	Type_Where: tuft_villi	0.595485	1.41308	0.588364	-1.05505	-0.753826	-0.788056
Gene: Osbpl3	Type_Where: tuft_villi	0.807535	1.02181	0.893246	-0.895581	-1.04551	-0.781495
Gene: Acsl4	Type_Where: tuft_villi	0.988803	0.979604	0.755595	-0.879965	-0.829428	-1.01461
Gene: Palld	Type_Where: tuft_villi	0.992772	1.29793	0.288441	-0.96248	-0.726433	-0.89023
Gene: Clic4	Type_Where: tuft_villi	0.983697	0.786335	0.955533	-0.981341	-0.963724	-0.780499
Gene: Myo1b	Type_Where: tuft_villi	0.867508	0.975958	0.878597	-0.744852	-0.906394	-1.07082
Gene: Lpcat4	Type_Where: tuft_villi	1.02909	0.744611	0.952067	-0.910855	-0.949253	-0.865658
Gene: Cwh43	Type_Where: tuft_villi	0.963954	0.76508	0.916583	-1.32532	-0.75306	-0.56724
Gene: Pkp1	Type_Where: tuft_villi	0.499461	0.520252	0.528358	0.262964	0.210646	-2.02168
Gene: Ehf	Type_Where: tuft_villi	0.575691	0.491028	0.539651	-2.01298	0.230536	0.176077
Gene: Pla2g4a	Type_Where: tuft_villi	0.790295	0.999108	0.913684	-0.63415	-1.03384	-1.0351
Gene: Basp1	Type_Where: tuft_villi	0.81795	0.930796	0.828063	-0.24659	-1.2046	-1.12562
Gene: Sorbs2	Type_Where: Stem_crypt	0.93823	0.910003	0.886159	-0.904241	-0.998637	-0.831513
Gene: Ifitm3	Type_Where: Stem_crypt	0.993075	0.704836	1.00759	-0.698979	-1.01184	-0.99468
Gene: Cd44	Type_Where: Stem_crypt	0.934903	0.930086	0.869487	-0.897428	-0.840614	-0.996434
Gene: Cdk6	Type_Where: Stem_crypt	0.845601	1.00038	0.887057	-0.960389	-0.842575	-0.930078
Gene: Cd81	Type_Where: Stem_crypt	0.859622	0.963735	0.9103	-0.919801	-0.827717	-0.986139
Gene: Slc12a2	Type_Where: Stem_crypt	0.887582	0.989402	0.855642	-0.826704	-0.979898	-0.926023
Gene: Soat1	Type_Where: Stem_crypt	0.847305	1.02323	0.861275	-0.934012	-0.84967	-0.948131
Gene: App	Type_Where: Stem_crypt	0.930821	1.04811	0.746154	-0.932235	-0.928658	-0.864191
Gene: Pls3	Type_Where: Stem_crypt	0.92225	0.938338	0.876471	-0.950652	-0.919768	-0.866639
Gene: Aqp1	Type_Where: Stem_crypt	0.628295	1.12213	0.945225	-0.795648	-0.864693	-1.03531
Gene: Smoc2	Type_Where: Stem_crypt	0.957971	0.858249	0.685886	-1.44325	-0.869794	-0.189061
Gene: Nap1l1	Type_Where: Stem_crypt	0.939897	0.73986	1.03854	-0.786769	-0.910012	-1.02152
Gene: Kcnq1	Type_Where: Stem_crypt	0.484211	0.457338	0.458748	0.364896	0.269538	-2.03473
Gene: Irf2bp2	Type_Where: Stem_crypt	0.800405	0.906005	1.01589	-0.870559	-1.05647	-0.795279
Gene: Etv6	Type_Where: Stem_crypt	1.21281	0.70752	0.772984	-0.945092	-0.80458	-0.943641
Gene: Phgdh	Type_Where: Stem_crypt	0.883535	1.01742	0.791366	-1.06198	-0.590289	-1.04006
Gene: Nfib	Type_Where: Stem_crypt	1.07535	0.600822	0.854305	-0.805098	-1.41773	-0.307647
Gene: Yap1	Type_Where: Stem_crypt	0.322006	0.791661	1.38128	-0.425819	-0.893726	-1.1754
Gene: Grb7	Type_Where: Stem_crypt	0.57403	0.945054	1.0577	-0.315182	-1.10037	-1.16124
Gene: Lcp1	Type_Where: Stem_crypt	0.568102	1.09139	0.972338	-1.26024	-0.762747	-0.608846
Gene: Clic6	Type_Where: Stem_crypt	0.839505	0.856357	1.03524	-0.952054	-0.914533	-0.864515
Gene: Tns3	Type_Where: Stem_crypt	-0.0308522	0.283795	1.62787	-0.479504	-1.42756	0.0262509
Gene: Itga1	Type_Where: Stem_crypt	1.16184	-0.261327	0.451911	0.541687	-1.75028	-0.143831
Gene: Noxa1	Type_Where: Stem_crypt	0.390047	0.591283	1.01866	-0.0712297	-1.85753	-0.0712297
Gene: Mfge8	Type_Where: Stem_crypt	-0.549679	-1.33854	-0.0953535	0.467305	-0.116273	1.63254
Gene: Lamb3	Type_Where: Stem_crypt	-1.88074	0.719738	0.132619	0.785076	0.496653	-0.25334
Gene: Urod	Type_Where: Stem_crypt	-1.11422	-1.40832	0.321386	0.651595	0.927631	0.621925
Gene: Arid5b	Type_Where: Stem_crypt	-1.07055	-0.879368	0.482859	1.43504	0.643563	-0.611545
Gene: Sdc4	Type_Where: Stem_crypt	-0.928878	1.34522	-0.986811	-0.720516	0.619864	0.671123
Gene: Ngef	Type_Where: Stem_crypt	-0.712694	-0.771325	-1.18121	0.740116	1.18736	0.737754
Gene: Clca2	Type_Where: Stem_crypt	-1.59514	0.435818	-0.249109	-0.503586	1.20304	0.708972
Gene: Csad	Type_Where: Stem_crypt	-1.29371	0.193241	-1.19013	0.943423	0.867335	0.47984
Gene: Tcaf2	Type_Where: Stem_crypt	-1.11711	-0.878988	-0.71444	0.926908	0.793809	0.989817
Gene: Lancl1	Type_Where: Stem_crypt	-0.529427	-0.379091	-1.50347	0.351146	1.21579	0.845059
Gene: Pdxk	Type_Where: Stem_crypt	-0.897395	-1.02262	-0.810161	0.898595	0.978014	0.853569
Gene: Olfm4	Type_Where: Stem_crypt	-0.81703	-0.864067	-1.00261	1.11689	0.553506	1.01332
Gene: Sdsl	Type_Where: Stem_crypt	-1.02237	-0.828189	-0.879665	0.916072	0.978845	0.835304
Gene: Vdr	Type_Where: Stem_crypt	-0.929263	-1.08386	-0.679255	0.867033	0.709391	1.11595
Gene: Hmgcs2	Type_Where: Stem_crypt	-0.955909	-0.875	-0.906782	0.913017	0.916965	0.907709
Gene: Slc27a2	Type_Where: Stem_crypt	-0.829035	-0.991595	-0.91355	0.955062	0.896348	0.88277
Gene: Afap1l1	Type_Where: Stem_crypt	0.919195	0.90335	0.916029	-0.912858	-0.912858	-0.912858
Gene: Lgr5	Type_Where: Stem_crypt	0.867117	0.84789	1.0188	-0.911269	-0.911269	-0.911269
Gene: Lrig1	Type_Where: Stem_crypt	0.91861	0.914772	0.905205	-0.912862	-0.912862	-0.912862
Gene: Pnliprp2	Type_Where: Paneth_crypt	-0.880174	-0.933401	-0.923227	0.871853	0.896671	0.968278
Gene: Reg4	Type_Where: Paneth_crypt	-0.984888	-0.639179	-1.05954	0.693519	0.857877	1.13221
Gene: Clps	Type_Where: Paneth_crypt	-1.41573	-0.806398	-0.350789	0.92229	0.756535	0.894096
Gene: Ggh	Type_Where: Paneth_crypt	-0.837463	-0.820693	-1.06847	0.968446	0.876882	0.881296
Gene: Acox2	Type_Where: Paneth_crypt	-1.50768	-0.406075	-0.622647	0.704754	0.90705	0.924601
Gene: Itln1	Type_Where: Paneth_crypt	-1.33107	0.0594706	-1.1348	0.771473	0.868842	0.766085
Gene: Lamb1	Type_Where: Paneth_crypt	0.668729	0.905187	-0.650877	0.862455	-1.58987	-0.19562
Gene: Ang4	Type_Where: Paneth_crypt	-0.395444	1.11747	1.36987	-1.11335	-0.488548	-0.490005
Gene: Rab18	Type_Where: Paneth_crypt	0.508083	0.803781	1.11943	-0.0509466	-1.24957	-1.13078
Gene: Lyz1	Type_Where: Paneth_crypt	0.416347	1.0967	1.09187	-1.18354	-0.812703	-0.608665
Gene: Defa20	Type_Where: Paneth_crypt	-0.689963	1.52291	0.99356	-0.699428	-0.347671	-0.779405
Gene: Defa-rs1	Type_Where: Paneth_crypt	0.705177	0.539034	1.16432	-0.339959	-1.58267	-0.485897
Gene: Defa5	Type_Where: Paneth_crypt	0.850765	0.996771	0.848592	-0.778028	-1.2016	-0.716502
Gene: Mmp7	Type_Where: Paneth_crypt	0.92023	0.908292	0.904504	-1.01118	-0.809969	-0.911882
Gene: Defa24	Type_Where: Paneth_crypt	0.0408603	1.13205	1.28669	-0.958641	-0.839386	-0.661569
Gene: Slc1a4	Type_Where: Paneth_crypt	0.872662	0.96111	0.900689	-0.887298	-0.994939	-0.852224
